timestamp,angle_deg,velocity_deg_s,torque_nm
1769366030.169943,-0.079129,0.000000,0.000000
1769366030.179903,-0.079129,0.000000,0.000000
1769366030.189948,-0.079129,0.000000,0.000000
1769366030.199986,-0.079129,0.000000,0.000000
1769366030.210210,-0.079129,0.000000,0.000000
1769366030.220252,-0.079129,0.000000,0.000000
1769366030.230307,-0.079129,0.000000,0.000000
1769366030.240375,-0.079129,0.000000,-0.000000
1769366030.250423,-0.079129,0.000000,0.000000
1769366030.260473,-0.079129,-0.000000,0.000000
1769366030.270854,-0.079129,0.000000,0.000000
1769366030.280913,-0.079129,0.000000,0.000000
1769366030.290958,-0.079129,0.000000,0.000000
1769366030.301009,-0.079129,0.000000,0.000000
1769366030.311061,-0.079129,0.000000,0.000000
1769366030.321130,-0.079129,0.000000,0.000000
1769366030.331202,-0.079129,0.000000,0.000000
1769366030.341246,-0.079129,0.000000,0.000000
1769366030.351503,-0.079129,0.000000,0.000000
1769366030.361542,-0.079129,0.000000,0.000000
1769366030.371682,-0.079129,0.000000,0.000000
1769366030.381692,-0.079129,0.000000,0.000000
1769366030.391736,-0.079129,0.000000,0.000000
1769366030.402059,-0.079129,0.000000,0.000000
1769366030.412105,-0.079129,0.000000,0.000000
1769366030.422184,-0.088469,-0.926705,0.008087
1769366030.432229,-0.088469,0.000000,0.000000
1769366030.442456,-0.096913,-0.825638,0.007205
1769366030.453506,-0.096913,0.000000,0.000000
1769366030.463557,-0.096913,0.000000,0.000000
1769366030.473704,-0.125115,-2.779111,0.024252
1769366030.483670,-0.125115,0.000000,0.000000
1769366030.494462,-0.167859,-3.960639,0.034563
1769366030.504525,-0.167859,0.000000,0.000000
1769366030.514565,-0.167859,0.000000,0.000000
1769366030.524633,-0.223812,-5.557009,0.048494
1769366030.534682,-0.223812,0.000000,0.000000
1769366030.544729,-0.223812,0.000000,0.000000
1769366030.554810,-0.285305,-6.099896,0.053232
1769366030.564852,-0.285305,0.000000,0.000000
1769366030.575170,-0.360452,-7.282852,0.063555
1769366030.585265,-0.360452,0.000000,0.000000
1769366030.595268,-0.360452,0.000000,0.000000
1769366030.605432,-0.445872,-8.403763,0.073337
1769366030.615459,-0.445872,0.000000,0.000000
1769366030.625519,-0.541039,-9.460399,0.082558
1769366030.635575,-0.541039,0.000000,0.000000
1769366030.645621,-0.541039,0.000000,0.000000
1769366030.655708,-0.648910,-10.693493,0.093318
1769366030.665760,-0.648910,0.000000,0.000000
1769366030.676001,-0.768209,-11.649091,0.101657
1769366030.686242,-0.768209,0.000000,0.000000
1769366030.696285,-0.768209,0.000000,0.000000
1769366030.706350,-0.896123,-12.708099,0.110899
1769366030.716374,-0.896123,0.000000,0.000000
1769366030.726607,-1.037021,-13.769109,0.120158
1769366030.736696,-1.037021,0.000000,0.000000
1769366030.746743,-1.037021,0.000000,0.000000
1769366030.756822,-1.190238,-15.202502,0.132667
1769366030.766870,-1.190238,0.000000,0.000000
1769366030.777030,-1.351592,-15.882067,0.138597
1769366030.787793,-1.351592,0.000000,0.000000
1769366030.797799,-1.351592,0.000000,0.000000
1769366030.807874,-1.528253,-17.534029,0.153013
1769366030.817938,-1.528253,0.000000,0.000000
1769366030.827926,-1.528253,0.000000,0.000000
1769366030.838227,-1.713674,-18.000051,0.157080
1769366030.848275,-1.713674,0.000000,0.000000
1769366030.858377,-1.912679,-19.700448,0.171919
1769366030.868402,-1.912679,0.000000,0.000000
1769366030.878459,-2.122557,-20.870356,0.182128
1769366030.888703,-2.122557,0.000000,0.000000
1769366030.898756,-2.122557,0.000000,0.000000
1769366030.908919,-2.341722,-21.564360,0.188185
1769366030.919016,-2.341722,0.000000,0.000000
1769366030.929075,-2.341722,0.000000,0.000000
1769366030.939250,-2.579053,-23.326015,0.203558
1769366030.949320,-2.579053,0.000000,0.000000
1769366030.959389,-2.791272,-21.076279,0.183925
1769366030.969417,-2.791272,0.000000,0.000000
1769366030.979487,-3.049139,-25.607133,0.223464
1769366030.989757,-3.049139,0.000000,0.000000
1769366030.999806,-3.049139,0.000000,0.000000
1769366031.009869,-3.277061,-22.651325,0.197670
1769366031.019917,-3.277061,0.000000,0.000000
1769366031.029969,-3.277061,0.000000,0.000000
1769366031.040040,-3.559206,-28.013441,0.244463
1769366031.050107,-3.559206,0.000000,0.000000
1769366031.060162,-3.799002,-23.847715,0.208111
1769366031.070213,-3.799002,0.000000,0.000000
1769366031.080276,-3.799002,0.000000,0.000000
1769366031.090351,-4.105234,-30.392843,0.265228
1769366031.100395,-4.105234,0.000000,0.000000
1769366031.110732,-4.360104,-24.656408,0.215168
1769366031.120826,-4.360104,0.000000,0.000000
1769366031.130861,-4.360104,0.000000,0.000000
1769366031.140981,-4.693540,-32.947691,0.287523
1769366031.151010,-4.693540,0.000000,0.000000
1769366031.161756,-4.899689,-19.184618,0.167417
1769366031.171900,-4.899689,0.000000,0.000000
1769366031.181919,-4.899689,0.000000,0.000000
1769366031.192044,-5.226587,-32.288738,0.281772
1769366031.202043,-5.226587,0.000000,0.000000
1769366031.212119,-5.594727,-36.536243,0.318839
1769366031.222491,-5.594727,0.000000,0.000000
1769366031.232538,-5.594727,0.000000,0.000000
1769366031.242679,-5.800996,-20.339320,0.177494
1769366031.252701,-5.800996,0.000000,0.000000
1769366031.263098,-6.196134,-38.006045,0.331665
1769366031.273158,-6.196134,0.000000,0.000000
1769366031.283209,-6.196134,0.000000,0.000000
1769366031.293278,-6.472075,-27.403958,0.239145
1769366031.303324,-6.472075,0.000000,0.000000
1769366031.313380,-6.889384,-41.499416,0.362151
1769366031.323904,-6.889384,0.000000,0.000000
1769366031.333932,-6.889384,0.000000,0.000000
1769366031.343996,-7.138825,-24.785152,0.216291
1769366031.354042,-7.138825,0.000000,0.000000
1769366031.364122,-7.584397,-44.204215,0.385755
1769366031.374187,-7.584397,0.000000,0.000000
1769366031.384231,-7.584397,0.000000,0.000000
1769366031.394331,-7.869747,-28.251468,0.246541
1769366031.404346,-7.869747,0.000000,0.000000
1769366031.414408,-8.335723,-46.308320,0.404116
1769366031.425104,-8.335723,0.000000,0.000000
1769366031.435099,-8.335723,0.000000,0.000000
1769366031.445155,-8.671701,-33.413059,0.291584
1769366031.455210,-8.671701,0.000000,0.000000
1769366031.465266,-9.151374,-47.696694,0.416232
1769366031.475359,-9.151374,0.000000,0.000000
1769366031.485366,-9.151374,0.000000,0.000000
1769366031.495441,-9.455661,-30.201913,0.263561
1769366031.505493,-9.455661,0.000000,0.000000
1769366031.515903,-9.962755,-48.711897,0.425091
1769366031.525952,-9.962755,0.000000,0.000000
1769366031.535988,-9.962755,0.000000,0.000000
1769366031.546043,-10.243557,-27.928382,0.243721
1769366031.556105,-10.243557,0.000000,0.000000
1769366031.566147,-10.717098,-47.155123,0.411506
1769366031.576861,-10.717098,0.000000,0.000000
1769366031.586924,-10.717098,0.000000,0.000000
1769366031.597090,-11.255164,-52.924624,0.461854
1769366031.607002,-11.255164,0.000000,0.000000
1769366031.617045,-11.479854,-22.371944,0.195232
1769366031.627140,-11.479854,0.000000,0.000000
1769366031.637157,-11.479854,0.000000,0.000000
1769366031.647228,-11.980948,-49.757108,0.434213
1769366031.657310,-11.980948,0.000000,0.000000
1769366031.667671,-12.544022,-54.345804,0.474257
1769366031.677997,-12.544022,0.000000,0.000000
1769366031.688066,-12.544022,0.000000,0.000000
1769366031.698125,-12.792157,-24.667026,0.215260
1769366031.708206,-12.792157,0.000000,0.000000
1769366031.718453,-13.285266,-48.123498,0.419957
1769366031.728758,-13.285266,0.000000,0.000000
1769366031.738800,-13.285266,0.000000,0.000000
1769366031.748883,-13.884814,-59.464288,0.518924
1769366031.758919,-13.884814,0.000000,0.000000
1769366031.768926,-13.884814,0.000000,0.000000
1769366031.779074,-14.066044,-17.858221,0.155842
1769366031.789112,-14.066044,0.000000,0.000000
1769366031.799644,-14.453289,-36.765378,0.320838
1769366031.809699,-14.453289,0.000000,0.000000
1769366031.819763,-14.453289,0.000000,0.000000
1769366031.829816,-15.032753,-57.638645,0.502992
1769366031.839903,-15.032753,0.000000,0.000000
1769366031.849947,-15.665717,-63.019987,0.549953
1769366031.859996,-15.665717,0.000000,0.000000
1769366031.870049,-15.665717,0.000000,0.000000
1769366031.880113,-15.994566,-32.676912,0.285160
1769366031.890158,-15.994566,0.000000,0.000000
1769366031.900222,-16.371176,-37.421068,0.326560
1769366031.910299,-16.371176,0.000000,0.000000
1769366031.920331,-16.371176,0.000000,0.000000
1769366031.930399,-16.794698,-42.063389,0.367072
1769366031.940448,-16.794698,0.000000,0.000000
1769366031.950513,-16.794698,0.000000,0.000000
1769366031.961732,-17.294991,-44.596185,0.389175
1769366031.971789,-17.294991,0.000000,0.000000
1769366031.981874,-17.783882,-48.478742,0.423057
1769366031.991916,-17.783882,0.000000,0.000000
1769366032.002064,-18.299091,-50.768107,0.443035
1769366032.012120,-18.299091,0.000000,0.000000
1769366032.022191,-18.299091,0.000000,0.000000
1769366032.032237,-18.950922,-64.887678,0.566252
1769366032.042287,-18.950922,0.000000,0.000000
1769366032.052330,-18.950922,0.000000,0.000000
1769366032.062414,-19.561406,-60.536064,0.528277
1769366032.072454,-19.561406,0.000000,0.000000
1769366032.082516,-20.255329,-68.969765,0.601875
1769366032.092566,-20.255329,0.000000,0.000000
1769366032.102643,-20.255329,0.000000,0.000000
1769366032.112705,-20.428149,-17.174318,0.149874
1769366032.122734,-20.428149,0.000000,0.000000
1769366032.132825,-20.682569,-25.213055,0.220025
1769366032.143690,-20.682569,0.000000,0.000000
1769366032.153727,-20.682569,0.000000,0.000000
1769366032.163817,-20.949641,-26.469276,0.230988
1769366032.173959,-20.949641,0.000000,0.000000
1769366032.183966,-21.530757,-58.070140,0.506758
1769366032.194699,-21.530757,0.000000,0.000000
1769366032.204760,-21.530757,0.000000,0.000000
1769366032.214798,-22.150845,-61.776125,0.539098
1769366032.224848,-22.150845,0.000000,0.000000
1769366032.234924,-22.150845,0.000000,0.000000
1769366032.245035,-22.877215,-71.835521,0.626883
1769366032.255108,-22.877215,0.000000,0.000000
1769366032.265216,-23.316241,-43.433595,0.379030
1769366032.275272,-23.316241,0.000000,0.000000
1769366032.285352,-23.685472,-36.631449,0.319670
1769366032.295812,-23.685472,0.000000,0.000000
1769366032.305895,-23.685472,0.000000,0.000000
1769366032.316128,-24.183917,-48.709843,0.425074
1769366032.326184,-24.183917,0.000000,0.000000
1769366032.336246,-24.183917,0.000000,0.000000
1769366032.346361,-24.709114,-51.925538,0.453136
1769366032.356365,-24.709114,0.000000,0.000000
1769366032.366439,-25.330088,-61.640410,0.537914
1769366032.376763,-25.330088,0.000000,0.000000
1769366032.386806,-25.330088,0.000000,0.000000
1769366032.396884,-25.965243,-63.024217,0.549990
1769366032.406930,-25.965243,0.000000,0.000000
1769366032.416981,-26.628996,-66.038438,0.576294
1769366032.427941,-26.628996,0.000000,0.000000
1769366032.437986,-26.628996,0.000000,0.000000
1769366032.448050,-27.148965,-51.665593,0.450867
1769366032.458112,-27.148965,0.000000,0.000000
1769366032.468566,-27.774914,-59.880948,0.522560
1769366032.478736,-27.774914,0.000000,0.000000
1769366032.488781,-27.774914,0.000000,0.000000
1769366032.498902,-28.388472,-60.622987,0.529035
1769366032.508930,-28.388472,0.000000,0.000000
1769366032.519115,-28.988052,-58.868904,0.513728
1769366032.529365,-28.988052,0.000000,0.000000
1769366032.539423,-28.988052,0.000000,0.000000
1769366032.549602,-29.585072,-58.649146,0.511810
1769366032.559569,-29.585072,0.000000,0.000000
1769366032.569807,-30.171352,-57.265513,0.499736
1769366032.580453,-30.171352,0.000000,0.000000
1769366032.590503,-30.171352,0.000000,0.000000
1769366032.600569,-30.748462,-57.335103,0.500343
1769366032.610615,-30.748462,0.000000,0.000000
1769366032.620681,-30.748462,0.000000,0.000000
1769366032.630737,-31.312709,-56.110414,0.489656
1769366032.640783,-31.312709,0.000000,0.000000
1769366032.651011,-31.867362,-54.226785,0.473218
1769366032.661078,-31.867362,0.000000,0.000000
1769366032.671113,-31.867362,0.000000,0.000000
1769366032.681192,-32.411813,-54.018790,0.471403
1769366032.691221,-32.411813,0.000000,0.000000
1769366032.701298,-32.949865,-53.395353,0.465962
1769366032.711337,-32.949865,0.000000,0.000000
1769366032.721387,-32.949865,0.000000,0.000000
1769366032.731456,-33.472202,-51.875117,0.452696
1769366032.741499,-33.472202,0.000000,0.000000
1769366032.751669,-33.989123,-50.829241,0.443569
1769366032.761738,-33.989123,0.000000,0.000000
1769366032.771797,-33.989123,0.000000,0.000000
1769366032.781881,-34.494032,-50.069555,0.436939
1769366032.791911,-34.494032,0.000000,0.000000
1769366032.801941,-34.994714,-49.920687,0.435640
1769366032.811997,-34.994714,0.000000,0.000000
1769366032.822044,-34.994714,0.000000,0.000000
1769366032.832121,-35.482477,-48.407047,0.422431
1769366032.842162,-35.482477,0.000000,0.000000
1769366032.852374,-35.961490,-46.907139,0.409342
1769366032.863035,-35.961490,0.000000,0.000000
1769366032.873106,-35.961490,0.000000,0.000000
1769366032.883157,-36.433516,-46.965215,0.409849
1769366032.893224,-36.433516,0.000000,0.000000
1769366032.903252,-36.897396,-46.256879,0.403667
1769366032.913457,-36.897396,0.000000,0.000000
1769366032.923487,-36.897396,0.000000,0.000000
1769366032.933564,-37.350276,-44.942988,0.392202
1769366032.943606,-37.350276,0.000000,0.000000
1769366032.953662,-37.350276,0.000000,0.000000
1769366032.964267,-37.800747,-42.480638,0.370714
1769366032.974309,-37.800747,0.000000,0.000000
1769366032.984354,-38.237263,-43.454786,0.379215
1769366032.994403,-38.237263,0.000000,0.000000
1769366033.004451,-38.237263,0.000000,0.000000
1769366033.014552,-38.669364,-42.774666,0.373279
1769366033.024575,-38.669364,0.000000,0.000000
1769366033.034654,-39.091664,-41.901436,0.365659
1769366033.044725,-39.091664,0.000000,0.000000
1769366033.054772,-39.091664,0.000000,0.000000
1769366033.064844,-39.504756,-41.015811,0.357930
1769366033.074892,-39.504756,0.000000,0.000000
1769366033.084925,-39.904435,-39.835911,0.347634
1769366033.095365,-39.904435,0.000000,0.000000
1769366033.105439,-39.904435,0.000000,0.000000
1769366033.115498,-40.295670,-38.893604,0.339411
1769366033.125565,-40.295670,0.000000,0.000000
1769366033.135672,-40.295670,0.000000,0.000000
1769366033.145847,-40.678307,-37.606526,0.328179
1769366033.155919,-40.678307,0.000000,0.000000
1769366033.166409,-41.055795,-35.985657,0.314034
1769366033.176466,-41.055795,0.000000,0.000000
1769366033.186510,-41.055795,0.000000,0.000000
1769366033.196919,-41.425626,-35.530343,0.310061
1769366033.206937,-41.425626,0.000000,0.000000
1769366033.217009,-41.785068,-35.686503,0.311423
1769366033.227050,-41.785068,0.000000,0.000000
1769366033.237105,-41.785068,0.000000,0.000000
1769366033.247209,-42.134722,-34.606535,0.301999
1769366033.257257,-42.134722,0.000000,0.000000
1769366033.268061,-42.472786,-31.290056,0.273057
1769366033.278133,-42.472786,0.000000,0.000000
1769366033.288199,-42.472786,0.000000,0.000000
1769366033.298248,-42.802406,-32.800178,0.286236
1769366033.308304,-42.802406,0.000000,0.000000
1769366033.318412,-43.012121,-20.748463,0.181064
1769366033.328458,-43.012121,0.000000,0.000000
1769366033.338514,-43.012121,0.000000,0.000000
1769366033.348575,-43.344731,-33.059170,0.288496
1769366033.358664,-43.344731,0.000000,0.000000
1769366033.368701,-43.620728,-27.500119,0.239984
1769366033.379327,-43.620728,0.000000,0.000000
1769366033.389374,-43.620728,0.000000,0.000000
1769366033.399435,-43.930093,-30.748127,0.268328
1769366033.409485,-43.930093,0.000000,0.000000
1769366033.419693,-43.930093,0.000000,0.000000
1769366033.429607,-44.208858,-28.118538,0.245381
1769366033.439660,-44.208858,0.000000,0.000000
1769366033.449898,-44.490438,-27.504863,0.240025
1769366033.459931,-44.490438,0.000000,0.000000
1769366033.469981,-44.490438,0.000000,0.000000
1769366033.480123,-44.718637,-22.499698,0.196347
1769366033.490178,-44.718637,0.000000,0.000000
1769366033.500233,-44.974729,-25.467107,0.222242
1769366033.510338,-44.974729,0.000000,0.000000
1769366033.520396,-44.974729,0.000000,0.000000
1769366033.530446,-45.227651,-25.166864,0.219622
1769366033.540499,-45.227651,0.000000,0.000000
1769366033.550848,-45.467842,-23.208477,0.202532
1769366033.561075,-45.467842,0.000000,0.000000
1769366033.571121,-45.467842,0.000000,0.000000
1769366033.581196,-45.699380,-22.981773,0.200554
1769366033.591259,-45.699380,0.000000,0.000000
1769366033.601296,-45.920884,-22.068369,0.192583
1769366033.611393,-45.920884,0.000000,0.000000
1769366033.621418,-45.920884,0.000000,0.000000
1769366033.631479,-46.130122,-20.796315,0.181482
1769366033.641534,-46.130122,0.000000,0.000000
1769366033.651606,-46.130122,0.000000,0.000000
1769366033.661668,-46.329611,-19.826070,0.173015
1769366033.671705,-46.329611,0.000000,0.000000
1769366033.681969,-46.515771,-18.137269,0.158278
1769366033.692199,-46.515771,0.000000,0.000000
1769366033.702233,-46.515771,0.000000,0.000000
1769366033.712317,-46.695318,-17.806171,0.155388
1769366033.722348,-46.695318,0.000000,0.000000
1769366033.732461,-46.861215,-16.405084,0.143161
1769366033.742508,-46.861215,0.000000,0.000000
1769366033.752545,-46.861215,0.000000,0.000000
1769366033.762653,-47.022502,-15.957497,0.139255
1769366033.772695,-47.022502,0.000000,0.000000
1769366033.783391,-47.171201,-13.902425,0.121322
1769366033.793734,-47.171201,0.000000,0.000000
1769366033.803783,-47.171201,0.000000,0.000000
1769366033.813833,-47.316090,-14.416359,0.125806
1769366033.823895,-47.316090,0.000000,0.000000
1769366033.833942,-47.453670,-13.694721,0.119509
1769366033.844101,-47.453670,0.000000,0.000000
1769366033.854135,-47.453670,0.000000,0.000000
1769366033.864207,-47.582902,-12.830802,0.111970
1769366033.874269,-47.582902,0.000000,0.000000
1769366033.884402,-47.703410,-11.892868,0.103785
1769366033.894561,-47.703410,0.000000,0.000000
1769366033.904630,-47.703410,0.000000,0.000000
1769366033.914699,-47.814313,-11.014113,0.096116
1769366033.924788,-47.814313,0.000000,0.000000
1769366033.934941,-47.915151,-9.932786,0.086680
1769366033.945082,-47.915151,0.000000,0.000000
1769366033.955123,-47.915151,0.000000,0.000000
1769366033.965191,-48.005650,-8.988589,0.078440
1769366033.975241,-48.005650,0.000000,0.000000
1769366033.985315,-48.085528,-7.928687,0.069191
1769366033.995688,-48.085528,0.000000,0.000000
1769366034.005737,-48.085528,0.000000,0.000000
1769366034.015822,-48.155188,-6.906684,0.060272
1769366034.025858,-48.155188,0.000000,0.000000
1769366034.035940,-48.155188,0.000000,0.000000
1769366034.045986,-48.214520,-5.906297,0.051542
1769366034.056027,-48.214520,0.000000,0.000000
1769366034.066089,-48.263543,-4.872248,0.042518
1769366034.076150,-48.263543,0.000000,0.000000
1769366034.086310,-48.302154,-3.800098,0.033162
1769366034.096400,-48.302154,0.000000,0.000000
1769366034.106411,-48.302154,0.000000,0.000000
1769366034.116432,-48.330392,-2.817981,0.024592
1769366034.126481,-48.330392,0.000000,0.000000
1769366034.136526,-48.330392,0.000000,0.000000
1769366034.146587,-48.348358,-1.785813,0.015584
1769366034.156630,-48.348358,0.000000,0.000000
1769366034.166722,-48.356047,-0.761845,0.006648
1769366034.176776,-48.356047,0.000000,0.000000
1769366034.186826,-48.356047,0.000000,0.000000
1769366034.196942,-48.356497,-0.044507,0.000388
1769366034.206923,-48.356497,0.000000,0.000000
1769366034.217150,-48.356280,0.021199,-0.000185
1769366034.227694,-48.356280,0.000000,0.000000
1769366034.237736,-48.356280,0.000000,0.000000
1769366034.247817,-48.356097,0.018196,-0.000159
1769366034.257855,-48.356097,0.000000,0.000000
1769366034.268033,-48.356080,0.001638,-0.000014
1769366034.278258,-48.356080,0.000000,0.000000
1769366034.288307,-48.356080,0.000000,0.000000
1769366034.298362,-48.356130,-0.004976,0.000043
1769366034.308417,-48.356130,0.000000,0.000000
1769366034.318448,-48.356130,0.000000,0.000000
1769366034.328523,-48.355663,0.046348,-0.000404
1769366034.338563,-48.355663,0.000000,0.000000
1769366034.348627,-48.356414,-0.074571,0.000651
1769366034.358741,-48.356414,0.000000,0.000000
1769366034.368781,-48.356414,0.000000,0.000000
1769366034.378869,-48.356497,-0.008265,0.000072
1769366034.388907,-48.356497,0.000000,0.000000
1769366034.398921,-48.357431,-0.093248,0.000814
1769366034.408979,-48.357431,0.000000,0.000000
1769366034.419024,-48.357431,0.000000,0.000000
1769366034.429109,-48.366018,-0.851451,0.007430
1769366034.439149,-48.366018,0.000000,0.000000
1769366034.449219,-48.374054,-0.798046,0.006964
1769366034.459282,-48.374054,0.000000,0.000000
1769366034.469328,-48.374054,0.000000,0.000000
1769366034.479440,-48.363084,1.084907,-0.009468
1769366034.489437,-48.363084,0.000000,0.000000
1769366034.499493,-48.359282,0.378065,-0.003299
1769366034.509552,-48.359282,0.000000,0.000000
1769366034.519605,-48.359282,0.000000,0.000000
1769366034.529675,-48.358798,0.048023,-0.000419
1769366034.539724,-48.358798,0.000000,0.000000
1769366034.549792,-48.366952,-0.809883,0.007068
1769366034.559834,-48.366952,0.000000,0.000000
1769366034.569892,-48.366952,0.000000,0.000000
1769366034.579938,-48.367902,-0.094597,0.000826
1769366034.589979,-48.367902,0.000000,0.000000
1769366034.600044,-48.367936,-0.003313,0.000029
1769366034.610103,-48.367936,0.000000,0.000000
1769366034.620167,-48.367936,0.000000,0.000000
1769366034.630260,-48.393072,-2.490328,0.021732
1769366034.640296,-48.393072,0.000000,0.000000
1769366034.650351,-48.384539,0.848613,-0.007406
1769366034.660405,-48.384539,0.000000,0.000000
1769366034.670460,-48.384539,0.000000,0.000000
1769366034.680579,-48.382555,0.196025,-0.001711
1769366034.690575,-48.382555,0.000000,0.000000
1769366034.700901,-48.364267,1.771141,-0.015456
1769366034.711003,-48.364267,0.000000,0.000000
1769366034.721027,-48.364267,0.000000,0.000000
1769366034.731322,-48.356180,0.785625,-0.006856
1769366034.741381,-48.356180,0.000000,0.000000
1769366034.751442,-48.361550,-0.533705,0.004657
1769366034.761495,-48.361550,0.000000,0.000000
1769366034.771757,-48.361149,0.038998,-0.000340
1769366034.781823,-48.361149,0.000000,0.000000
1769366034.791881,-48.361149,0.000000,0.000000
1769366034.801970,-48.361149,0.000000,0.000000
1769366034.811977,-48.361149,0.000000,0.000000
1769366034.822268,-48.361149,0.000000,0.000000
1769366034.832329,-48.361149,0.000000,0.000000
1769366034.842385,-48.361149,0.000000,0.000000
1769366034.852616,-48.361149,0.000000,0.000000
1769366034.862663,-48.361149,0.000000,0.000000
1769366034.873186,-48.361149,0.000000,0.000000
1769366034.883232,-48.361149,0.000000,0.000000
1769366034.893284,-48.361149,0.000000,0.000000
1769366034.903364,-48.361149,0.000000,0.000000
1769366034.913408,-48.361149,0.000000,0.000000
1769366034.923776,-48.361149,0.000000,0.000000
1769366034.933828,-48.361149,0.000000,0.000000
1769366034.943899,-48.361149,0.000000,0.000000
1769366034.953950,-48.361149,0.000000,0.000000
1769366034.964011,-48.361149,0.000000,0.000000
1769366034.974179,-48.361149,0.000000,0.000000
1769366034.984221,-48.361149,0.000000,0.000000
1769366034.994257,-48.361149,0.000000,0.000000
1769366035.004352,-48.361149,0.000000,0.000000
1769366035.014411,-48.361149,0.000000,0.000000
1769366035.024821,-48.361149,0.000000,0.000000
1769366035.034886,-48.361149,0.000000,0.000000
1769366035.044918,-48.361149,0.000000,0.000000
1769366035.055012,-48.361149,0.000000,0.000000
1769366035.065063,-48.361149,0.000000,0.000000
1769366035.075200,-48.361149,0.000000,0.000000
1769366035.085212,-48.361149,0.000000,0.000000
1769366035.095259,-48.361149,0.000000,0.000000
1769366035.105317,-48.361149,0.000000,0.000000
1769366035.115355,-48.361149,0.000000,0.000000
1769366035.125415,-48.361149,0.000000,0.000000
1769366035.135471,-48.361149,0.000000,0.000000
1769366035.146345,-48.361149,0.000000,0.000000
1769366035.156400,-48.361149,0.000000,0.000000
1769366035.166437,-48.361149,0.000000,0.000000
1769366035.176515,-48.361149,0.000000,0.000000
1769366035.186582,-48.361149,0.000000,0.000000
1769366035.196640,-48.361149,0.000000,0.000000
1769366035.206685,-48.361149,0.000000,0.000000
1769366035.217180,-48.361149,0.000000,0.000000
1769366035.227245,-48.361149,0.000000,0.000000
1769366035.237308,-48.361149,0.000000,0.000000
1769366035.247386,-48.361149,0.000000,0.000000
1769366035.257422,-48.361149,0.000000,0.000000
1769366035.267474,-48.361149,0.000000,0.000000
1769366035.277545,-48.361149,0.000000,0.000000
1769366035.287590,-48.361149,0.000000,0.000000
1769366035.297656,-48.361149,0.000000,0.000000
1769366035.307705,-48.361149,0.000000,0.000000
1769366035.317936,-48.361149,0.000000,0.000000
1769366035.327925,-48.361149,0.000000,0.000000
1769366035.337983,-48.361149,0.000000,0.000000
1769366035.348052,-48.361149,0.000000,0.000000
1769366035.358120,-48.361149,0.000000,0.000000
1769366035.368170,-48.361149,0.000000,0.000000
1769366035.378225,-48.361149,0.000000,0.000000
1769366035.388305,-48.361149,0.000000,0.000000
1769366035.398365,-48.361149,0.000000,0.000000
1769366035.408435,-48.361149,0.000000,0.000000
1769366035.418470,-48.361149,0.000000,0.000000
1769366035.428528,-48.361149,0.000000,0.000000
1769366035.438582,-48.361149,0.000000,0.000000
1769366035.448653,-48.361149,0.000000,0.000000
1769366035.458693,-48.361149,0.000000,0.000000
1769366035.468770,-48.361149,0.000000,0.000000
1769366035.478815,-48.361149,0.000000,0.000000
1769366035.488876,-48.361149,0.000000,0.000000
1769366035.498959,-48.361149,0.000000,0.000000
1769366035.508991,-48.361149,0.000000,0.000000
1769366035.519068,-48.361149,0.000000,0.000000
1769366035.529109,-48.361149,0.000000,0.000000
1769366035.539283,-48.361149,0.000000,0.000000
1769366035.549386,-48.361149,0.000000,0.000000
1769366035.559390,-48.361149,0.000000,0.000000
1769366035.569519,-48.361149,0.000000,0.000000
1769366035.579572,-48.361149,0.000000,0.000000
1769366035.589631,-48.361149,0.000000,0.000000
1769366035.599693,-48.361149,0.000000,0.000000
1769366035.609735,-48.361149,0.000000,0.000000
1769366035.619842,-48.361149,0.000000,0.000000
1769366035.629907,-48.361149,0.000000,0.000000
1769366035.639922,-48.361149,0.000000,0.000000
1769366035.649981,-48.361149,0.000000,0.000000
1769366035.660032,-48.361149,0.000000,0.000000
1769366035.670107,-48.361149,0.000000,0.000000
1769366035.680146,-48.361149,0.000000,0.000000
1769366035.690217,-48.361149,0.000000,0.000000
1769366035.700266,-48.361149,0.000000,0.000000
1769366035.710317,-48.361149,0.000000,0.000000
1769366035.720386,-48.361149,0.000000,0.000000
1769366035.730439,-48.361149,0.000000,0.000000
1769366035.740495,-48.361149,0.000000,0.000000
1769366035.750588,-48.361149,0.000000,0.000000
1769366035.760608,-48.361149,0.000000,0.000000
1769366035.770799,-48.361149,0.000000,0.000000
1769366035.780851,-48.361149,0.000000,0.000000
1769366035.790931,-48.361149,0.000000,0.000000
1769366035.801060,-48.361149,0.000000,0.000000
1769366035.811101,-48.361149,0.000000,0.000000
1769366035.821194,-48.361149,0.000000,0.000000
1769366035.831247,-48.361149,0.000000,0.000000
1769366035.841636,-48.361149,0.000000,0.000000
1769366035.851728,-48.361149,0.000000,0.000000
1769366035.861752,-48.361149,0.000000,0.000000
1769366035.871821,-48.361149,0.000000,0.000000
1769366035.881862,-48.361149,0.000000,0.000000
1769366035.892070,-48.361149,0.000000,0.000000
1769366035.902126,-48.361149,0.000000,0.000000
1769366035.912179,-48.361149,0.000000,0.000000
1769366035.922293,-48.361149,0.000000,0.000000
1769366035.932347,-48.361149,0.000000,0.000000
1769366035.942420,-48.361149,0.000000,0.000000
1769366035.952472,-48.361149,0.000000,0.000000
1769366035.962513,-48.361149,0.000000,0.000000
1769366035.972585,-48.361149,0.000000,0.000000
1769366035.982641,-48.361149,0.000000,0.000000
1769366035.992711,-48.361149,0.000000,0.000000
1769366036.003093,-48.361149,0.000000,0.000000
1769366036.013137,-48.361149,0.000000,0.000000
1769366036.023217,-48.361149,0.000000,0.000000
1769366036.033281,-48.361149,0.000000,0.000000
1769366036.043329,-48.361149,0.000000,0.000000
1769366036.053538,-48.361149,0.000000,0.000000
1769366036.063576,-48.361149,0.000000,0.000000
1769366036.073689,-48.361149,0.000000,0.000000
1769366036.083755,-48.361149,0.000000,0.000000
1769366036.093792,-48.361149,0.000000,0.000000
1769366036.103861,-48.361149,0.000000,0.000000
1769366036.113945,-48.361149,0.000000,0.000000
1769366036.124066,-48.361149,0.000000,0.000000
1769366036.134130,-48.361149,0.000000,0.000000
1769366036.144220,-48.361149,0.000000,0.000000
1769366036.154250,-48.361149,0.000000,0.000000
1769366036.164304,-48.361149,0.000000,0.000000
1769366036.174581,-48.361149,0.000000,0.000000
1769366036.184650,-48.361149,0.000000,0.000000
1769366036.194720,-48.361149,0.000000,0.000000
1769366036.204777,-48.361149,0.000000,0.000000
1769366036.214816,-48.361149,0.000000,0.000000
1769366036.224948,-48.361149,0.000000,0.000000
1769366036.235027,-48.361149,0.000000,0.000000
1769366036.245093,-48.361149,0.000000,0.000000
1769366036.255146,-48.361149,0.000000,0.000000
1769366036.265196,-48.361149,0.000000,0.000000
1769366036.275240,-48.361149,0.000000,0.000000
1769366036.285309,-48.361149,0.000000,0.000000
1769366036.295358,-48.361149,0.000000,0.000000
1769366036.305454,-48.361149,0.000000,0.000000
1769366036.315511,-48.361149,0.000000,0.000000
1769366036.325560,-48.361149,0.000000,0.000000
1769366036.335692,-48.361149,0.000000,0.000000
1769366036.345690,-48.361149,0.000000,0.000000
1769366036.355757,-48.361149,0.000000,0.000000
1769366036.365815,-48.361149,0.000000,0.000000
1769366036.375954,-48.361149,0.000000,0.000000
1769366036.386038,-48.361149,0.000000,0.000000
1769366036.396064,-48.361149,0.000000,0.000000
1769366036.406141,-48.361149,0.000000,0.000000
1769366036.416194,-48.361149,0.000000,0.000000
1769366036.426574,-48.361149,0.000000,0.000000
1769366036.436625,-48.361149,0.000000,0.000000
1769366036.446693,-48.361149,0.000000,0.000000
1769366036.456757,-48.361149,0.000000,0.000000
1769366036.466793,-48.361149,0.000000,0.000000
1769366036.476846,-48.361149,0.000000,0.000000
1769366036.486887,-48.361149,0.000000,0.000000
1769366036.497240,-48.361149,0.000000,0.000000
1769366036.507303,-48.361149,0.000000,0.000000
1769366036.517348,-48.361149,0.000000,0.000000
1769366036.527428,-48.361149,0.000000,0.000000
1769366036.537472,-48.361149,0.000000,0.000000
1769366036.547549,-48.361149,0.000000,0.000000
1769366036.557593,-48.361149,0.000000,0.000000
1769366036.567861,-48.361149,0.000000,0.000000
1769366036.577928,-48.361149,0.000000,0.000000
1769366036.587979,-48.361149,0.000000,0.000000
1769366036.598069,-48.361149,0.000000,0.000000
1769366036.608107,-48.361149,0.000000,0.000000
1769366036.618172,-48.361149,0.000000,0.000000
1769366036.628219,-48.361149,0.000000,0.000000
1769366036.638267,-48.361149,0.000000,0.000000
1769366036.648335,-48.361149,0.000000,0.000000
1769366036.658400,-48.361149,0.000000,0.000000
1769366036.668485,-48.361149,0.000000,0.000000
1769366036.678561,-48.361149,0.000000,0.000000
1769366036.688617,-48.361149,0.000000,0.000000
1769366036.698657,-48.361149,0.000000,0.000000
1769366036.708738,-48.361149,0.000000,0.000000
1769366036.718777,-48.361149,0.000000,0.000000
1769366036.728881,-48.361149,0.000000,0.000000
1769366036.738897,-48.361149,0.000000,0.000000
1769366036.749057,-48.361149,0.000000,0.000000
1769366036.759111,-48.361149,0.000000,0.000000
1769366036.769158,-48.361149,0.000000,0.000000
1769366036.779262,-48.361149,0.000000,0.000000
1769366036.789280,-48.361149,0.000000,0.000000
1769366036.799310,-48.361149,0.000000,0.000000
1769366036.809384,-48.361149,0.000000,0.000000
1769366036.819437,-48.361149,0.000000,0.000000
1769366036.829476,-48.361149,0.000000,0.000000
1769366036.839531,-48.361149,0.000000,0.000000
1769366036.849598,-48.361149,0.000000,0.000000
1769366036.859647,-48.361149,0.000000,0.000000
1769366036.869730,-48.361149,0.000000,0.000000
1769366036.879766,-48.361149,0.000000,0.000000
1769366036.889830,-48.361149,0.000000,0.000000
1769366036.899885,-48.361149,0.000000,0.000000
1769366036.909947,-48.361149,0.000000,0.000000
1769366036.919989,-48.361149,0.000000,0.000000
1769366036.930193,-48.361149,0.000000,0.000000
1769366036.940250,-48.361149,0.000000,0.000000
1769366036.950405,-48.361149,0.000000,0.000000
1769366036.960472,-48.361149,0.000000,0.000000
1769366036.970627,-48.361149,0.000000,0.000000
1769366036.980684,-48.361149,0.000000,0.000000
1769366036.991020,-48.361149,0.000000,0.000000
1769366037.001038,-48.361149,0.000000,0.000000
1769366037.011671,-48.361149,0.000000,0.000000
1769366037.021710,-48.361149,0.000000,0.000000
1769366037.031765,-48.361149,0.000000,0.000000
1769366037.042102,-48.361149,0.000000,0.000000
1769366037.052147,-48.361149,0.000000,0.000000
1769366037.062207,-48.361149,0.000000,0.000000
1769366037.072464,-48.361149,0.000000,0.000000
1769366037.082522,-48.361149,0.000000,0.000000
1769366037.092577,-48.361149,0.000000,0.000000
1769366037.102640,-48.361149,0.000000,0.000000
1769366037.112713,-48.361149,0.000000,0.000000
1769366037.122799,-48.361149,0.000000,0.000000
1769366037.132839,-48.361149,0.000000,0.000000
1769366037.142899,-48.361149,0.000000,0.000000
1769366037.152939,-48.361149,0.000000,0.000000
1769366037.163013,-48.361149,0.000000,0.000000
1769366037.173050,-48.361149,0.000000,0.000000
1769366037.183115,-48.361149,0.000000,0.000000
1769366037.193184,-48.361149,0.000000,0.000000
1769366037.203216,-48.361149,0.000000,0.000000
1769366037.213279,-48.361149,0.000000,0.000000
1769366037.223361,-48.361149,0.000000,0.000000
1769366037.233389,-48.361149,0.000000,0.000000
1769366037.243477,-48.361149,0.000000,0.000000
1769366037.253518,-48.361149,0.000000,0.000000
1769366037.263786,-48.361149,0.000000,0.000000
1769366037.273831,-48.361149,0.000000,0.000000
1769366037.283939,-48.361149,0.000000,0.000000
1769366037.293939,-48.361149,0.000000,0.000000
1769366037.303986,-48.361149,0.000000,0.000000
1769366037.314513,-48.361149,0.000000,0.000000
1769366037.324570,-48.361149,0.000000,0.000000
1769366037.334623,-48.361149,0.000000,0.000000
1769366037.344678,-48.361149,0.000000,0.000000
1769366037.354751,-48.361149,0.000000,0.000000
1769366037.364799,-48.361149,0.000000,0.000000
1769366037.375075,-48.361149,0.000000,0.000000
1769366037.385106,-48.361149,0.000000,0.000000
1769366037.395194,-48.361149,0.000000,0.000000
1769366037.405224,-48.361149,0.000000,0.000000
1769366037.415304,-48.361149,0.000000,0.000000
1769366037.425340,-48.361149,0.000000,0.000000
1769366037.435391,-48.361149,0.000000,0.000000
1769366037.445452,-48.361149,0.000000,0.000000
1769366037.455520,-48.361149,0.000000,0.000000
1769366037.465587,-48.361149,0.000000,0.000000
1769366037.475634,-48.361149,0.000000,0.000000
1769366037.485795,-48.361149,0.000000,0.000000
1769366037.495849,-48.361149,0.000000,0.000000
1769366037.505905,-48.361149,0.000000,0.000000
1769366037.515930,-48.361149,0.000000,0.000000
1769366037.526039,-48.361149,0.000000,0.000000
1769366037.536083,-48.361149,0.000000,0.000000
1769366037.546123,-48.361149,0.000000,0.000000
1769366037.556177,-48.361149,0.000000,0.000000
1769366037.566244,-48.361149,0.000000,0.000000
1769366037.576309,-48.361149,0.000000,0.000000
1769366037.586406,-48.361149,0.000000,0.000000
1769366037.596413,-48.361149,0.000000,0.000000
1769366037.606481,-48.361149,0.000000,0.000000
1769366037.616673,-48.361149,0.000000,0.000000
1769366037.626729,-48.361149,0.000000,0.000000
1769366037.637050,-48.361149,0.000000,0.000000
1769366037.647100,-48.361149,0.000000,0.000000
1769366037.657155,-48.361149,0.000000,0.000000
1769366037.667211,-48.361149,0.000000,0.000000
1769366037.677269,-48.361149,0.000000,0.000000
1769366037.687339,-48.361149,0.000000,0.000000
1769366037.697390,-48.361149,0.000000,0.000000
1769366037.707451,-48.361149,0.000000,0.000000
1769366037.717502,-48.361149,0.000000,0.000000
1769366037.727571,-48.361149,0.000000,0.000000
1769366037.737660,-48.361149,0.000000,0.000000
1769366037.747733,-48.361149,0.000000,0.000000
1769366037.758036,-48.361149,0.000000,0.000000
1769366037.768087,-48.361149,0.000000,0.000000
1769366037.778162,-48.361149,0.000000,0.000000
1769366037.788337,-48.361149,0.000000,0.000000
1769366037.798407,-48.361149,0.000000,0.000000
1769366037.808440,-48.361149,0.000000,0.000000
1769366037.818509,-48.361149,0.000000,0.000000
1769366037.828716,-48.361149,0.000000,0.000000
1769366037.838791,-48.361149,0.000000,0.000000
1769366037.848938,-48.361149,0.000000,0.000000
1769366037.858938,-48.361149,0.000000,0.000000
1769366037.869171,-48.361149,0.000000,0.000000
1769366037.879251,-48.361149,0.000000,0.000000
1769366037.889280,-48.361149,0.000000,0.000000
1769366037.899313,-48.361149,0.000000,0.000000
1769366037.909598,-48.361149,0.000000,0.000000
1769366037.919629,-48.361149,0.000000,0.000000
1769366037.929899,-48.361149,0.000000,0.000000
1769366037.939929,-48.361149,0.000000,0.000000
1769366037.949990,-48.361149,0.000000,0.000000
1769366037.960064,-48.361149,0.000000,0.000000
1769366037.970134,-48.361149,0.000000,0.000000
1769366037.980169,-48.361149,0.000000,0.000000
1769366037.990219,-48.361149,0.000000,0.000000
1769366038.000286,-48.361149,0.000000,0.000000
1769366038.010336,-48.361149,0.000000,0.000000
1769366038.020388,-48.361149,0.000000,0.000000
1769366038.030446,-48.361149,0.000000,0.000000
1769366038.040528,-48.361149,0.000000,0.000000
1769366038.050574,-48.361149,0.000000,0.000000
1769366038.060629,-48.361149,0.000000,0.000000
1769366038.070692,-48.361149,0.000000,0.000000
1769366038.080745,-48.361149,0.000000,0.000000
1769366038.090798,-48.361149,0.000000,0.000000
1769366038.100844,-48.361149,0.000000,0.000000
1769366038.110928,-48.361149,0.000000,0.000000
1769366038.121013,-48.361149,0.000000,0.000000
1769366038.131133,-48.361149,0.000000,0.000000
1769366038.141144,-48.361149,0.000000,0.000000
1769366038.151185,-48.361149,0.000000,0.000000
1769366038.161259,-48.361149,0.000000,0.000000
1769366038.171318,-48.361149,0.000000,0.000000
1769366038.181354,-48.361149,0.000000,0.000000
1769366038.191423,-48.361149,0.000000,0.000000
1769366038.201472,-48.361149,0.000000,0.000000
1769366038.211532,-48.361149,0.000000,0.000000
1769366038.221585,-48.361149,0.000000,0.000000
1769366038.231663,-48.361149,0.000000,0.000000
1769366038.241703,-48.361149,0.000000,0.000000
1769366038.251956,-48.361149,0.000000,0.000000
1769366038.261857,-48.361149,0.000000,0.000000
1769366038.271914,-48.361149,0.000000,0.000000
1769366038.281944,-48.361149,0.000000,0.000000
1769366038.292003,-48.361149,0.000000,0.000000
1769366038.302029,-48.361149,0.000000,0.000000
1769366038.312100,-48.361149,0.000000,0.000000
1769366038.322162,-48.361149,0.000000,0.000000
1769366038.332223,-48.361149,0.000000,0.000000
1769366038.342269,-48.361149,0.000000,0.000000
1769366038.352334,-48.361149,0.000000,0.000000
1769366038.362421,-48.361149,0.000000,0.000000
1769366038.372459,-48.361149,0.000000,0.000000
1769366038.382509,-48.361149,0.000000,0.000000
1769366038.392606,-48.361149,0.000000,0.000000
1769366038.402637,-48.361149,0.000000,0.000000
1769366038.412700,-48.361149,0.000000,0.000000
1769366038.422757,-48.361149,0.000000,0.000000
1769366038.432829,-48.361149,0.000000,0.000000
1769366038.442892,-48.361149,0.000000,0.000000
1769366038.452947,-48.361149,0.000000,0.000000
1769366038.463004,-48.361149,0.000000,0.000000
1769366038.473050,-48.361149,0.000000,0.000000
1769366038.483118,-48.361149,0.000000,0.000000
1769366038.493165,-48.361149,0.000000,0.000000
1769366038.503218,-48.361149,0.000000,0.000000
1769366038.513274,-48.361149,0.000000,0.000000
1769366038.523343,-48.361149,0.000000,0.000000
1769366038.533408,-48.361149,0.000000,0.000000
1769366038.543454,-48.361149,0.000000,0.000000
1769366038.553512,-48.361149,0.000000,0.000000
1769366038.563565,-48.361149,0.000000,0.000000
1769366038.573651,-48.361149,0.000000,0.000000
1769366038.583707,-48.361149,0.000000,0.000000
1769366038.593755,-48.361149,0.000000,0.000000
1769366038.603813,-48.361149,0.000000,0.000000
1769366038.613920,-48.361149,0.000000,0.000000
1769366038.623926,-48.361149,0.000000,0.000000
1769366038.633950,-48.361149,0.000000,0.000000
1769366038.644037,-48.361149,0.000000,0.000000
1769366038.654084,-48.361149,0.000000,0.000000
1769366038.664135,-48.361149,0.000000,0.000000
1769366038.674203,-48.361149,0.000000,0.000000
1769366038.684238,-48.361149,0.000000,0.000000
1769366038.694303,-48.361149,0.000000,0.000000
1769366038.704358,-48.361149,0.000000,0.000000
1769366038.714401,-48.361149,0.000000,0.000000
1769366038.724493,-48.361149,0.000000,0.000000
1769366038.734571,-48.361149,0.000000,0.000000
1769366038.744590,-48.361149,0.000000,0.000000
1769366038.754647,-48.361149,0.000000,0.000000
1769366038.764704,-48.361149,0.000000,0.000000
1769366038.774810,-48.361149,0.000000,0.000000
1769366038.784819,-48.361149,0.000000,0.000000
1769366038.794919,-48.361149,0.000000,0.000000
1769366038.804934,-48.361149,0.000000,0.000000
1769366038.814985,-48.361149,0.000000,0.000000
1769366038.825046,-48.361149,0.000000,0.000000
1769366038.835148,-48.361149,0.000000,0.000000
1769366038.845164,-48.361149,0.000000,0.000000
1769366038.855222,-48.361149,0.000000,0.000000
1769366038.865276,-48.361149,0.000000,0.000000
1769366038.875352,-48.361149,0.000000,0.000000
1769366038.885374,-48.361149,0.000000,0.000000
1769366038.895450,-48.361149,0.000000,0.000000
1769366038.905491,-48.361149,0.000000,0.000000
1769366038.915579,-48.361149,0.000000,0.000000
1769366038.925612,-48.361149,0.000000,0.000000
1769366038.935664,-48.361149,0.000000,0.000000
1769366038.945717,-48.361149,0.000000,0.000000
1769366038.955784,-48.361149,0.000000,0.000000
1769366038.965828,-48.361149,0.000000,0.000000
1769366038.975917,-48.361149,0.000000,0.000000
1769366038.985952,-48.361149,0.000000,0.000000
1769366038.995991,-48.361149,0.000000,0.000000
1769366039.006043,-48.361149,0.000000,0.000000
1769366039.016171,-48.361149,0.000000,0.000000
1769366039.026219,-48.361149,0.000000,0.000000
1769366039.036291,-48.361149,0.000000,0.000000
1769366039.046371,-48.361149,0.000000,0.000000
1769366039.056854,-48.361149,0.000000,0.000000
1769366039.066955,-48.361149,0.000000,0.000000
1769366039.077087,-48.361149,0.000000,0.000000
1769366039.087131,-48.361149,0.000000,0.000000
1769366039.097187,-48.361149,0.000000,0.000000
1769366039.107274,-48.361149,0.000000,0.000000
1769366039.117326,-48.361149,0.000000,0.000000
1769366039.127407,-48.361149,0.000000,0.000000
1769366039.137454,-48.361149,0.000000,0.000000
1769366039.147609,-48.361149,0.000000,0.000000
1769366039.157662,-48.361149,0.000000,0.000000
1769366039.167702,-48.361149,0.000000,0.000000
1769366039.177783,-48.361149,0.000000,0.000000
1769366039.187871,-48.361149,0.000000,0.000000
1769366039.197970,-48.361149,0.000000,0.000000
1769366039.208013,-48.361149,0.000000,0.000000
1769366039.218066,-48.361149,0.000000,0.000000
1769366039.228418,-48.361149,0.000000,0.000000
1769366039.238477,-48.361149,0.000000,0.000000
1769366039.248534,-48.361149,0.000000,0.000000
1769366039.258594,-48.361149,0.000000,0.000000
1769366039.268637,-48.361149,0.000000,0.000000
1769366039.278782,-48.361149,0.000000,0.000000
1769366039.288862,-48.361149,0.000000,0.000000
1769366039.298926,-48.361149,0.000000,0.000000
1769366039.308927,-48.361149,0.000000,0.000000
1769366039.319100,-48.361149,0.000000,0.000000
1769366039.329071,-48.361149,0.000000,0.000000
1769366039.339166,-48.361149,0.000000,0.000000
1769366039.349525,-48.361149,0.000000,0.000000
1769366039.359597,-48.361149,0.000000,0.000000
1769366039.369649,-48.361149,0.000000,0.000000
1769366039.379707,-48.361149,0.000000,0.000000
1769366039.389785,-48.361149,0.000000,0.000000
1769366039.399815,-48.361149,0.000000,0.000000
1769366039.409873,-48.361149,0.000000,0.000000
1769366039.419939,-48.361149,0.000000,0.000000
1769366039.430526,-48.361149,0.000000,0.000000
1769366039.440580,-48.361149,0.000000,0.000000
1769366039.450629,-48.361149,0.000000,0.000000
1769366039.460687,-48.361149,0.000000,0.000000
1769366039.470767,-48.361149,0.000000,0.000000
1769366039.480823,-48.361149,0.000000,0.000000
1769366039.490882,-48.361149,0.000000,0.000000
1769366039.500928,-48.361149,0.000000,0.000000
1769366039.510977,-48.361149,0.000000,0.000000
1769366039.521034,-48.361149,0.000000,0.000000
1769366039.531091,-48.361149,0.000000,0.000000
1769366039.541143,-48.361149,0.000000,0.000000
1769366039.551202,-48.361149,0.000000,0.000000
1769366039.561275,-48.361149,0.000000,0.000000
1769366039.571316,-48.361149,0.000000,0.000000
1769366039.581388,-48.361149,0.000000,0.000000
1769366039.591461,-48.361149,0.000000,0.000000
1769366039.601481,-48.361149,0.000000,0.000000
1769366039.611539,-48.361149,0.000000,0.000000
1769366039.621596,-48.361149,0.000000,0.000000
1769366039.631647,-48.361149,0.000000,0.000000
1769366039.641671,-48.361149,0.000000,0.000000
1769366039.651724,-48.361149,0.000000,0.000000
1769366039.661770,-48.361149,0.000000,0.000000
1769366039.671838,-48.361149,0.000000,0.000000
1769366039.682222,-48.361149,0.000000,0.000000
1769366039.692275,-48.361149,0.000000,0.000000
1769366039.702387,-48.361149,0.000000,0.000000
1769366039.712418,-48.361149,0.000000,0.000000
1769366039.722472,-48.361149,0.000000,0.000000
1769366039.732525,-48.361149,0.000000,0.000000
1769366039.742583,-48.361149,0.000000,0.000000
1769366039.752639,-48.361149,0.000000,0.000000
1769366039.762706,-48.361149,0.000000,0.000000
1769366039.772797,-48.361149,0.000000,0.000000
1769366039.782860,-48.361149,0.000000,0.000000
1769366039.792990,-48.361149,0.000000,0.000000
1769366039.803024,-48.361149,0.000000,0.000000
1769366039.813074,-48.361149,0.000000,0.000000
1769366039.823140,-48.361149,0.000000,0.000000
1769366039.833205,-48.361149,0.000000,0.000000
1769366039.843283,-48.361149,0.000000,0.000000
1769366039.853933,-48.361149,0.000000,0.000000
1769366039.863936,-48.361149,0.000000,0.000000
1769366039.873997,-48.361149,0.000000,0.000000
1769366039.884032,-48.361149,0.000000,0.000000
1769366039.894102,-48.361149,0.000000,0.000000
1769366039.904194,-48.361149,0.000000,0.000000
1769366039.914214,-48.361149,0.000000,0.000000
1769366039.924275,-48.361149,0.000000,0.000000
1769366039.934442,-48.361149,0.000000,0.000000
1769366039.944458,-48.361149,0.000000,0.000000
1769366039.954759,-48.361149,0.000000,0.000000
1769366039.964799,-48.361149,0.000000,0.000000
1769366039.974872,-48.361149,0.000000,0.000000
1769366039.984974,-48.361149,0.000000,0.000000
1769366039.995044,-48.361149,0.000000,0.000000
1769366040.005106,-48.361149,0.000000,0.000000
1769366040.015159,-48.361149,0.000000,0.000000
1769366040.025207,-48.361149,0.000000,0.000000
1769366040.035273,-48.361149,0.000000,0.000000
1769366040.045327,-48.361149,0.000000,0.000000
1769366040.055397,-48.361149,0.000000,0.000000
1769366040.065730,-48.361149,0.000000,0.000000
1769366040.075806,-48.361149,0.000000,0.000000
1769366040.085844,-48.361149,0.000000,0.000000
1769366040.096262,-48.361149,0.000000,0.000000
1769366040.106310,-48.361149,0.000000,0.000000
1769366040.116385,-48.361149,0.000000,0.000000
1769366040.126437,-48.361149,0.000000,0.000000
1769366040.136481,-48.361149,0.000000,0.000000
1769366040.146524,-48.361149,0.000000,0.000000
1769366040.156598,-48.361149,0.000000,0.000000
1769366040.166754,-48.361149,0.000000,0.000000
1769366040.176800,-48.361149,0.000000,0.000000
1769366040.186882,-48.361149,0.000000,0.000000
1769366040.196952,-48.361149,0.000000,0.000000
1769366040.207002,-48.361149,0.000000,0.000000
1769366040.217062,-48.361149,0.000000,0.000000
1769366040.227137,-48.361149,0.000000,0.000000
1769366040.237221,-48.361149,0.000000,0.000000
1769366040.247277,-48.361149,0.000000,0.000000
1769366040.257363,-48.361149,0.000000,0.000000
1769366040.267625,-48.361149,0.000000,0.000000
1769366040.277717,-48.361149,0.000000,0.000000
1769366040.287767,-48.361149,0.000000,0.000000
1769366040.297822,-48.361149,0.000000,0.000000
1769366040.307888,-48.361149,0.000000,0.000000
1769366040.317929,-48.361149,0.000000,0.000000
1769366040.327991,-48.361149,0.000000,0.000000
1769366040.338049,-48.361149,0.000000,0.000000
1769366040.348122,-48.361149,0.000000,0.000000
1769366040.358157,-48.361149,0.000000,0.000000
1769366040.368453,-48.361149,0.000000,0.000000
1769366040.378341,-48.361149,0.000000,0.000000
1769366040.388394,-48.361149,0.000000,0.000000
1769366040.398436,-48.361149,0.000000,0.000000
1769366040.408493,-48.361149,0.000000,0.000000
1769366040.418549,-48.361149,0.000000,0.000000
1769366040.428596,-48.361149,0.000000,0.000000
1769366040.438829,-48.361149,0.000000,0.000000
1769366040.448888,-48.361149,0.000000,0.000000
1769366040.458936,-48.361149,0.000000,0.000000
1769366040.468981,-48.361149,0.000000,0.000000
1769366040.479082,-48.361149,0.000000,0.000000
1769366040.489101,-48.361149,0.000000,0.000000
1769366040.499156,-48.361149,0.000000,0.000000
1769366040.509207,-48.361149,0.000000,0.000000
1769366040.519289,-48.361149,0.000000,0.000000
1769366040.529364,-48.361149,0.000000,0.000000
1769366040.539429,-48.361149,0.000000,0.000000
1769366040.550069,-48.361149,0.000000,0.000000
1769366040.560138,-48.361149,0.000000,0.000000
1769366040.570187,-48.361149,0.000000,0.000000
1769366040.580267,-48.361149,0.000000,0.000000
1769366040.590761,-48.361149,0.000000,0.000000
1769366040.600810,-48.361149,0.000000,0.000000
1769366040.611045,-48.361149,0.000000,0.000000
1769366040.621106,-48.361149,0.000000,0.000000
1769366040.631827,-48.361149,0.000000,0.000000
1769366040.641911,-48.361149,0.000000,0.000000
1769366040.651927,-48.361149,0.000000,0.000000
1769366040.661976,-48.361149,0.000000,0.000000
1769366040.672033,-48.361149,0.000000,0.000000
1769366040.682101,-48.361149,0.000000,0.000000
1769366040.692145,-48.361149,0.000000,0.000000
1769366040.702229,-48.361149,0.000000,0.000000
1769366040.712285,-48.361149,0.000000,0.000000
1769366040.722325,-48.361149,0.000000,0.000000
1769366040.732389,-48.361149,0.000000,0.000000
1769366040.742509,-48.361149,0.000000,0.000000
1769366040.752520,-48.361149,0.000000,0.000000
1769366040.762589,-48.361149,0.000000,0.000000
1769366040.772739,-48.361149,0.000000,0.000000
1769366040.783208,-48.361149,0.000000,0.000000
1769366040.793269,-48.361149,0.000000,0.000000
1769366040.803325,-48.361149,0.000000,0.000000
1769366040.813400,-48.361149,0.000000,0.000000
1769366040.824048,-48.361149,0.000000,0.000000
1769366040.834103,-48.361149,0.000000,0.000000
1769366040.844197,-48.361149,0.000000,0.000000
1769366040.854236,-48.361149,0.000000,0.000000
1769366040.864297,-48.361149,0.000000,0.000000
1769366040.874335,-48.361149,0.000000,0.000000
1769366040.884395,-48.361149,0.000000,0.000000
1769366040.894458,-48.361149,0.000000,0.000000
1769366040.904541,-48.361149,0.000000,0.000000
1769366040.914575,-48.361149,0.000000,0.000000
1769366040.924710,-48.361149,0.000000,0.000000
1769366040.934831,-48.361149,0.000000,0.000000
1769366040.944865,-48.361149,0.000000,0.000000
1769366040.955222,-48.361149,0.000000,0.000000
1769366040.965245,-48.361149,0.000000,0.000000
1769366040.975308,-48.361149,0.000000,0.000000
1769366040.985348,-48.361149,0.000000,0.000000
1769366040.995391,-48.361149,0.000000,0.000000
1769366041.005448,-48.361149,0.000000,0.000000
1769366041.015512,-48.361149,0.000000,0.000000
1769366041.025931,-48.361149,0.000000,0.000000
1769366041.036000,-48.361149,0.000000,0.000000
1769366041.046089,-48.361149,0.000000,0.000000
1769366041.056140,-48.361149,0.000000,0.000000
1769366041.066190,-48.361149,0.000000,0.000000
1769366041.076264,-48.361149,0.000000,0.000000
1769366041.086405,-48.361149,0.000000,0.000000
1769366041.096382,-48.361149,0.000000,0.000000
1769366041.106464,-48.361149,0.000000,0.000000
1769366041.116492,-48.361149,0.000000,0.000000
1769366041.126549,-48.361149,0.000000,0.000000
1769366041.136631,-48.361149,0.000000,0.000000
1769366041.146720,-48.361149,0.000000,0.000000
1769366041.156720,-48.361149,0.000000,0.000000
1769366041.166850,-48.361149,0.000000,0.000000
1769366041.176850,-48.361149,0.000000,0.000000
1769366041.186965,-48.361149,0.000000,0.000000
1769366041.196987,-48.361149,0.000000,0.000000
1769366041.207048,-48.361149,0.000000,0.000000
1769366041.217092,-48.361149,0.000000,0.000000
1769366041.227180,-48.361149,0.000000,0.000000
1769366041.237215,-48.361149,0.000000,0.000000
1769366041.247385,-48.361149,0.000000,0.000000
1769366041.257430,-48.361149,0.000000,0.000000
1769366041.267491,-48.361149,0.000000,0.000000
1769366041.277543,-48.361149,0.000000,0.000000
1769366041.287719,-48.361149,0.000000,0.000000
1769366041.297705,-48.361149,0.000000,0.000000
1769366041.307751,-48.361149,0.000000,0.000000
1769366041.317804,-48.361149,0.000000,0.000000
1769366041.327876,-48.361149,0.000000,0.000000
1769366041.338007,-48.361149,0.000000,0.000000
1769366041.348055,-48.361149,0.000000,0.000000
1769366041.358132,-48.361149,0.000000,0.000000
1769366041.368178,-48.361149,0.000000,0.000000
1769366041.378237,-48.361149,0.000000,0.000000
1769366041.388303,-48.361149,0.000000,0.000000
1769366041.399180,-48.361149,0.000000,0.000000
1769366041.409241,-48.361149,0.000000,0.000000
1769366041.419313,-48.361149,0.000000,0.000000
1769366041.429356,-48.361149,0.000000,0.000000
1769366041.439429,-48.361149,0.000000,0.000000
1769366041.449471,-48.361149,0.000000,0.000000
1769366041.459555,-48.361149,0.000000,0.000000
1769366041.469582,-48.361149,0.000000,0.000000
1769366041.479649,-48.361149,0.000000,0.000000
1769366041.489702,-48.361149,0.000000,0.000000
1769366041.499768,-48.361149,0.000000,0.000000
1769366041.509811,-48.361149,0.000000,0.000000
1769366041.519877,-48.361149,0.000000,0.000000
1769366041.529959,-48.361149,0.000000,0.000000
1769366041.540020,-48.361149,0.000000,0.000000
1769366041.550127,-48.361149,0.000000,0.000000
1769366041.560200,-48.361149,0.000000,0.000000
1769366041.570240,-48.361149,0.000000,0.000000
1769366041.580300,-48.361149,0.000000,0.000000
1769366041.590366,-48.361149,0.000000,0.000000
1769366041.600410,-48.361149,0.000000,0.000000
1769366041.610506,-48.361149,0.000000,0.000000
1769366041.620599,-48.361149,0.000000,0.000000
1769366041.630658,-48.361149,0.000000,0.000000
1769366041.640753,-48.361149,0.000000,0.000000
1769366041.650811,-48.361149,0.000000,0.000000
1769366041.660897,-48.361149,0.000000,0.000000
1769366041.670929,-48.361149,0.000000,0.000000
1769366041.680992,-48.361149,0.000000,0.000000
1769366041.691054,-48.361149,0.000000,0.000000
1769366041.701126,-48.361149,0.000000,0.000000
1769366041.711188,-48.361149,0.000000,0.000000
1769366041.721247,-48.361149,0.000000,0.000000
1769366041.731287,-48.361149,0.000000,0.000000
1769366041.741374,-48.361149,0.000000,0.000000
1769366041.751432,-48.361149,0.000000,0.000000
1769366041.761490,-48.361149,0.000000,0.000000
1769366041.771573,-48.361149,0.000000,0.000000
1769366041.781638,-48.361149,0.000000,0.000000
1769366041.791694,-48.361149,0.000000,0.000000
1769366041.801745,-48.361149,0.000000,0.000000
1769366041.811800,-48.361149,0.000000,0.000000
1769366041.821888,-48.361149,0.000000,0.000000
1769366041.831930,-48.361149,0.000000,0.000000
1769366041.841963,-48.361149,0.000000,0.000000
1769366041.852015,-48.361149,0.000000,0.000000
1769366041.862078,-48.361149,0.000000,0.000000
1769366041.872140,-48.361149,0.000000,0.000000
1769366041.882175,-48.361149,0.000000,0.000000
1769366041.892230,-48.361149,0.000000,0.000000
1769366041.902317,-48.361149,0.000000,0.000000
1769366041.912400,-48.361149,0.000000,0.000000
1769366041.922435,-48.361149,0.000000,0.000000
1769366041.932495,-48.361149,0.000000,0.000000
1769366041.942590,-48.361149,0.000000,0.000000
1769366041.952610,-48.361149,0.000000,0.000000
1769366041.962668,-48.361149,0.000000,0.000000
1769366041.972710,-48.361149,0.000000,0.000000
1769366041.982764,-48.361149,0.000000,0.000000
1769366041.992848,-48.361149,0.000000,0.000000
1769366042.002924,-48.361149,0.000000,0.000000
1769366042.013198,-48.361149,0.000000,0.000000
1769366042.023271,-48.361149,0.000000,0.000000
1769366042.033324,-48.361149,0.000000,0.000000
1769366042.043383,-48.361149,0.000000,0.000000
1769366042.053910,-48.361149,0.000000,0.000000
1769366042.063927,-48.361149,0.000000,0.000000
1769366042.073951,-48.361149,0.000000,0.000000
1769366042.083999,-48.361149,0.000000,0.000000
1769366042.094073,-48.361149,0.000000,0.000000
1769366042.104132,-48.361149,0.000000,0.000000
1769366042.114192,-48.361149,0.000000,0.000000
1769366042.124246,-48.361149,0.000000,0.000000
1769366042.134333,-48.361149,0.000000,0.000000
1769366042.144374,-48.361149,0.000000,0.000000
1769366042.154966,-48.361149,0.000000,0.000000
1769366042.165272,-48.361149,0.000000,0.000000
1769366042.175333,-48.361149,0.000000,0.000000
1769366042.185805,-48.361149,0.000000,0.000000
1769366042.195862,-48.361149,0.000000,0.000000
1769366042.205938,-48.361149,0.000000,0.000000
1769366042.216004,-48.361149,0.000000,0.000000
1769366042.226048,-48.361149,0.000000,0.000000
1769366042.236108,-48.361149,0.000000,0.000000
1769366042.246214,-48.361149,0.000000,0.000000
1769366042.256264,-48.361149,0.000000,0.000000
1769366042.266325,-48.361149,0.000000,0.000000
1769366042.276398,-48.361149,0.000000,0.000000
1769366042.286453,-48.361149,0.000000,0.000000
1769366042.296498,-48.361149,0.000000,0.000000
1769366042.306575,-48.361149,0.000000,0.000000
1769366042.316604,-48.361149,0.000000,0.000000
1769366042.326668,-48.361149,0.000000,0.000000
1769366042.336728,-48.361149,0.000000,0.000000
1769366042.346804,-48.361149,0.000000,0.000000
1769366042.356839,-48.361149,0.000000,0.000000
1769366042.366896,-48.361149,0.000000,0.000000
1769366042.376932,-48.361149,0.000000,0.000000
1769366042.386993,-48.361149,0.000000,0.000000
1769366042.397165,-48.361149,0.000000,0.000000
1769366042.407187,-48.361149,0.000000,0.000000
1769366042.417233,-48.361149,0.000000,0.000000
1769366042.427302,-48.361149,0.000000,0.000000
1769366042.437625,-48.361149,0.000000,0.000000
1769366042.447676,-48.361149,0.000000,0.000000
1769366042.457741,-48.361149,0.000000,0.000000
1769366042.467814,-48.361149,0.000000,0.000000
1769366042.477854,-48.361149,0.000000,0.000000
1769366042.487915,-48.361149,0.000000,0.000000
1769366042.497970,-48.361149,0.000000,0.000000
1769366042.508017,-48.361149,0.000000,0.000000
1769366042.518080,-48.361149,0.000000,0.000000
1769366042.528148,-48.361149,0.000000,0.000000
1769366042.538228,-48.361149,0.000000,0.000000
1769366042.548268,-48.361149,0.000000,0.000000
1769366042.558376,-48.361149,0.000000,0.000000
1769366042.568511,-48.361149,0.000000,0.000000
1769366042.578554,-48.361149,0.000000,0.000000
1769366042.589188,-48.361149,0.000000,0.000000
1769366042.599252,-48.361149,0.000000,0.000000
1769366042.609319,-48.361149,0.000000,0.000000
1769366042.619357,-48.361149,0.000000,0.000000
1769366042.629443,-48.361149,0.000000,0.000000
1769366042.639478,-48.361149,0.000000,0.000000
1769366042.649622,-48.361149,0.000000,0.000000
1769366042.659654,-48.361149,0.000000,0.000000
1769366042.669742,-48.361149,0.000000,0.000000
1769366042.679797,-48.361149,0.000000,0.000000
1769366042.689958,-48.361149,0.000000,0.000000
1769366042.699954,-48.361149,0.000000,0.000000
1769366042.710035,-48.361149,0.000000,0.000000
1769366042.720068,-48.361149,0.000000,0.000000
1769366042.730151,-48.361149,0.000000,0.000000
1769366042.740583,-48.361149,0.000000,0.000000
1769366042.750642,-48.361149,0.000000,0.000000
1769366042.760698,-48.361149,0.000000,0.000000
1769366042.770748,-48.361149,0.000000,0.000000
1769366042.780813,-48.361149,0.000000,0.000000
1769366042.790861,-48.361149,0.000000,0.000000
1769366042.800938,-48.361149,0.000000,0.000000
1769366042.810992,-48.361149,0.000000,0.000000
1769366042.821047,-48.361149,0.000000,0.000000
1769366042.831107,-48.361149,0.000000,0.000000
1769366042.841170,-48.361149,0.000000,0.000000
1769366042.851347,-48.361149,0.000000,0.000000
1769366042.861400,-48.361149,0.000000,0.000000
1769366042.871458,-48.361149,0.000000,0.000000
1769366042.881511,-48.361149,0.000000,0.000000
1769366042.891576,-48.361149,0.000000,0.000000
1769366042.901625,-48.361149,0.000000,0.000000
1769366042.912162,-48.361149,0.000000,0.000000
1769366042.922260,-48.361149,0.000000,0.000000
1769366042.932373,-48.361149,0.000000,0.000000
1769366042.942857,-48.361149,0.000000,0.000000
1769366042.952926,-48.361149,0.000000,0.000000
1769366042.963341,-48.361149,0.000000,0.000000
1769366042.973461,-48.361149,0.000000,0.000000
1769366042.983466,-48.361149,0.000000,0.000000
1769366042.993515,-48.361149,0.000000,0.000000
1769366043.003690,-48.361149,0.000000,0.000000
1769366043.013741,-48.361149,0.000000,0.000000
1769366043.023814,-48.361149,0.000000,0.000000
1769366043.033898,-48.361149,0.000000,0.000000
1769366043.044292,-48.361149,0.000000,0.000000
1769366043.054339,-48.361149,0.000000,0.000000
1769366043.064399,-48.361149,0.000000,0.000000
1769366043.074452,-48.361149,0.000000,0.000000
1769366043.084518,-48.361149,0.000000,0.000000
1769366043.094902,-48.361149,0.000000,0.000000
1769366043.104940,-48.361149,0.000000,0.000000
1769366043.115030,-48.361149,0.000000,0.000000
1769366043.125075,-48.361149,0.000000,0.000000
1769366043.135146,-48.361149,0.000000,0.000000
1769366043.145198,-48.361149,0.000000,0.000000
1769366043.155251,-48.361149,0.000000,0.000000
1769366043.165307,-48.361149,0.000000,0.000000
1769366043.175390,-48.361149,0.000000,0.000000
1769366043.185441,-48.361149,0.000000,0.000000
1769366043.195500,-48.361149,0.000000,0.000000
1769366043.205536,-48.361149,0.000000,0.000000
1769366043.215900,-48.361149,0.000000,0.000000
1769366043.225960,-48.361149,0.000000,0.000000
1769366043.236042,-48.361149,0.000000,0.000000
1769366043.246108,-48.361149,0.000000,0.000000
1769366043.256167,-48.361149,0.000000,0.000000
1769366043.266415,-48.361149,0.000000,0.000000
1769366043.276471,-48.361149,0.000000,0.000000
1769366043.286680,-48.361149,0.000000,0.000000
1769366043.296719,-48.361149,0.000000,0.000000
1769366043.306782,-48.361149,0.000000,0.000000
1769366043.316850,-48.361149,0.000000,0.000000
1769366043.326903,-48.361149,0.000000,0.000000
1769366043.336964,-48.361149,0.000000,0.000000
1769366043.347406,-48.361149,0.000000,0.000000
1769366043.357662,-48.361149,0.000000,0.000000
1769366043.367734,-48.361149,0.000000,0.000000
1769366043.377778,-48.361149,0.000000,0.000000
1769366043.387951,-48.361149,0.000000,0.000000
1769366043.398041,-48.361149,0.000000,0.000000
1769366043.408109,-48.361149,0.000000,0.000000
1769366043.418138,-48.361149,0.000000,0.000000
1769366043.428197,-48.361149,0.000000,0.000000
1769366043.438583,-48.361149,0.000000,0.000000
1769366043.448640,-48.361149,0.000000,0.000000
1769366043.458693,-48.361149,0.000000,0.000000
1769366043.468750,-48.361149,0.000000,0.000000
1769366043.478810,-48.361149,0.000000,0.000000
1769366043.488940,-48.361149,0.000000,0.000000
1769366043.498932,-48.361149,0.000000,0.000000
1769366043.509002,-48.361149,0.000000,0.000000
1769366043.519046,-48.361149,0.000000,0.000000
1769366043.529116,-48.361149,0.000000,0.000000
1769366043.539172,-48.361149,0.000000,0.000000
1769366043.549234,-48.361149,0.000000,0.000000
1769366043.559301,-48.361149,0.000000,0.000000
1769366043.569336,-48.361149,0.000000,0.000000
1769366043.579405,-48.361149,0.000000,0.000000
1769366043.589472,-48.361149,0.000000,0.000000
1769366043.599517,-48.361149,0.000000,0.000000
1769366043.609557,-48.361149,0.000000,0.000000
1769366043.619629,-48.361149,0.000000,0.000000
1769366043.629674,-48.361149,0.000000,0.000000
1769366043.639765,-48.361149,0.000000,0.000000
1769366043.649797,-48.361149,0.000000,0.000000
1769366043.659907,-48.361149,0.000000,0.000000
1769366043.669950,-48.361149,0.000000,0.000000
1769366043.679996,-48.361149,0.000000,0.000000
1769366043.690055,-48.361149,0.000000,0.000000
1769366043.700123,-48.361149,0.000000,0.000000
1769366043.710167,-48.361149,0.000000,0.000000
1769366043.720219,-48.361149,0.000000,0.000000
1769366043.730301,-48.361149,0.000000,0.000000
1769366043.740338,-48.361149,0.000000,0.000000
1769366043.750410,-48.361149,0.000000,0.000000
1769366043.760572,-48.361149,0.000000,0.000000
1769366043.770637,-48.361149,0.000000,0.000000
1769366043.781644,-48.361149,0.000000,0.000000
1769366043.791696,-48.361149,0.000000,0.000000
1769366043.801805,-48.361149,0.000000,0.000000
1769366043.811866,-48.361149,0.000000,0.000000
1769366043.821941,-48.361149,0.000000,0.000000
1769366043.831982,-48.361149,0.000000,0.000000
1769366043.842050,-48.361149,0.000000,0.000000
1769366043.852094,-48.361149,0.000000,0.000000
1769366043.862164,-48.361149,0.000000,0.000000
1769366043.872217,-48.361149,0.000000,0.000000
1769366043.882273,-48.361149,0.000000,0.000000
1769366043.892319,-48.361149,0.000000,0.000000
1769366043.902406,-48.361149,0.000000,0.000000
1769366043.912467,-48.361149,0.000000,0.000000
1769366043.922529,-48.361149,0.000000,0.000000
1769366043.932644,-48.361149,0.000000,0.000000
1769366043.942717,-48.361149,0.000000,0.000000
1769366043.952813,-48.361149,0.000000,0.000000
1769366043.962855,-48.361149,0.000000,0.000000
1769366043.972926,-48.361149,0.000000,0.000000
1769366043.982940,-48.361149,0.000000,0.000000
1769366043.993039,-48.361149,0.000000,0.000000
1769366044.003074,-48.361149,0.000000,0.000000
1769366044.013157,-48.361149,0.000000,0.000000
1769366044.023194,-48.361149,0.000000,0.000000
1769366044.033347,-48.361149,0.000000,0.000000
1769366044.043413,-48.361149,0.000000,0.000000
1769366044.053462,-48.361149,0.000000,0.000000
1769366044.063555,-48.361149,0.000000,0.000000
1769366044.073586,-48.361149,0.000000,0.000000
1769366044.083649,-48.361149,0.000000,0.000000
1769366044.093701,-48.361149,0.000000,0.000000
1769366044.103746,-48.361149,0.000000,0.000000
1769366044.113814,-48.361149,0.000000,0.000000
1769366044.123859,-48.361149,0.000000,0.000000
1769366044.133914,-48.361149,0.000000,0.000000
1769366044.144024,-48.361149,0.000000,0.000000
1769366044.154014,-48.361149,0.000000,0.000000
1769366044.164042,-48.361149,0.000000,0.000000
1769366044.174120,-48.361149,0.000000,0.000000
1769366044.184151,-48.361149,0.000000,0.000000
1769366044.194197,-48.361149,0.000000,0.000000
1769366044.204299,-48.361149,0.000000,0.000000
1769366044.214369,-48.361149,0.000000,0.000000
1769366044.224435,-48.361149,0.000000,0.000000
1769366044.234491,-48.361149,0.000000,0.000000
1769366044.244792,-48.361149,0.000000,0.000000
1769366044.255127,-48.361149,0.000000,0.000000
1769366044.265194,-48.361149,0.000000,0.000000
1769366044.275253,-48.361149,0.000000,0.000000
1769366044.285302,-48.361149,0.000000,0.000000
1769366044.295355,-48.361149,0.000000,0.000000
1769366044.305410,-48.361149,0.000000,0.000000
1769366044.315471,-48.361149,0.000000,0.000000
1769366044.325548,-48.361149,0.000000,0.000000
1769366044.335697,-48.361149,0.000000,0.000000
1769366044.345736,-48.361149,0.000000,0.000000
1769366044.355792,-48.361149,0.000000,0.000000
1769366044.365854,-48.361149,0.000000,0.000000
1769366044.375906,-48.361149,0.000000,0.000000
1769366044.385971,-48.361149,0.000000,0.000000
1769366044.396248,-48.361149,0.000000,0.000000
1769366044.406444,-48.361149,0.000000,0.000000
1769366044.416528,-48.361149,0.000000,0.000000
1769366044.426564,-48.361149,0.000000,0.000000
1769366044.436651,-48.361149,0.000000,0.000000
1769366044.447024,-48.361149,0.000000,0.000000
1769366044.457057,-48.361149,0.000000,0.000000
1769366044.467104,-48.361149,0.000000,0.000000
1769366044.477172,-48.361149,0.000000,0.000000
1769366044.487228,-48.361149,0.000000,0.000000
1769366044.497312,-48.361149,0.000000,0.000000
1769366044.507358,-48.361149,0.000000,0.000000
1769366044.517434,-48.361149,0.000000,0.000000
1769366044.527490,-48.361149,0.000000,0.000000
1769366044.537542,-48.361149,0.000000,0.000000
1769366044.547668,-48.361149,0.000000,0.000000
1769366044.557722,-48.361149,0.000000,0.000000
1769366044.567764,-48.361149,0.000000,0.000000
1769366044.577807,-48.361149,0.000000,0.000000
1769366044.587960,-48.361149,0.000000,0.000000
1769366044.598027,-48.361149,0.000000,0.000000
1769366044.608082,-48.361149,0.000000,0.000000
1769366044.618148,-48.361149,0.000000,0.000000
1769366044.628184,-48.361149,0.000000,0.000000
1769366044.638242,-48.361149,0.000000,0.000000
1769366044.648405,-48.361149,0.000000,0.000000
1769366044.658475,-48.361149,0.000000,0.000000
1769366044.668514,-48.361149,0.000000,0.000000
1769366044.678589,-48.361149,0.000000,0.000000
1769366044.688625,-48.361149,0.000000,0.000000
1769366044.698695,-48.361149,0.000000,0.000000
1769366044.708742,-48.361149,0.000000,0.000000
1769366044.718817,-48.361149,0.000000,0.000000
1769366044.728879,-48.361149,0.000000,0.000000
1769366044.738907,-48.361149,0.000000,0.000000
1769366044.749012,-48.361149,0.000000,0.000000
1769366044.759011,-48.361149,0.000000,0.000000
1769366044.769410,-48.361149,0.000000,0.000000
1769366044.779440,-48.361149,0.000000,0.000000
1769366044.789730,-48.361149,0.000000,0.000000
1769366044.799773,-48.361149,0.000000,0.000000
1769366044.809857,-48.361149,0.000000,0.000000
1769366044.819910,-48.361149,0.000000,0.000000
1769366044.830036,-48.361149,0.000000,0.000000
1769366044.840142,-48.361149,0.000000,0.000000
1769366044.850188,-48.361149,0.000000,0.000000
1769366044.860320,-48.361149,0.000000,0.000000
1769366044.870391,-48.361149,0.000000,0.000000
1769366044.880429,-48.361149,0.000000,0.000000
1769366044.890496,-48.361149,0.000000,0.000000
1769366044.900766,-48.361149,0.000000,0.000000
1769366044.910823,-48.361149,0.000000,0.000000
1769366044.920948,-48.361149,0.000000,0.000000
1769366044.930998,-48.361149,0.000000,0.000000
1769366044.941106,-48.361149,0.000000,0.000000
1769366044.951107,-48.361149,0.000000,0.000000
1769366044.961187,-48.361149,0.000000,0.000000
1769366044.971236,-48.361149,0.000000,0.000000
1769366044.981309,-48.361149,0.000000,0.000000
1769366044.991354,-48.361149,0.000000,0.000000
1769366045.001416,-48.361149,0.000000,0.000000
1769366045.011466,-48.361149,0.000000,0.000000
1769366045.021525,-48.361149,0.000000,0.000000
1769366045.031646,-48.361149,0.000000,0.000000
1769366045.041639,-48.361149,0.000000,0.000000
1769366045.051700,-48.361149,0.000000,0.000000
1769366045.061772,-48.361149,0.000000,0.000000
1769366045.071820,-48.361149,0.000000,0.000000
1769366045.081873,-48.361149,0.000000,0.000000
1769366045.092014,-48.361149,0.000000,0.000000
1769366045.102067,-48.361149,0.000000,0.000000
1769366045.112410,-48.361149,0.000000,0.000000
1769366045.122468,-48.361149,0.000000,0.000000
1769366045.132705,-48.361149,0.000000,0.000000
1769366045.142761,-48.361149,0.000000,0.000000
1769366045.152826,-48.361149,0.000000,0.000000
1769366045.162857,-48.361149,0.000000,0.000000
1769366045.172951,-48.361149,0.000000,0.000000
1769366045.182983,-48.361149,0.000000,0.000000
1769366045.193658,-48.361149,0.000000,0.000000
1769366045.203967,-48.361149,0.000000,0.000000
1769366045.214034,-48.361149,0.000000,0.000000
1769366045.224228,-48.361149,0.000000,0.000000
1769366045.234348,-48.361149,0.000000,0.000000
1769366045.244694,-48.361149,0.000000,0.000000
1769366045.255014,-48.361149,0.000000,0.000000
1769366045.265073,-48.361149,0.000000,0.000000
1769366045.275402,-48.361149,0.000000,0.000000
1769366045.285636,-48.361149,0.000000,0.000000
1769366045.295704,-48.361149,0.000000,0.000000
1769366045.305819,-48.361149,0.000000,0.000000
1769366045.315916,-48.361149,0.000000,0.000000
1769366045.325950,-48.361149,0.000000,0.000000
1769366045.336023,-48.361149,0.000000,0.000000
1769366045.346188,-48.361149,0.000000,0.000000
1769366045.356273,-48.361149,0.000000,0.000000
1769366045.366773,-48.361149,0.000000,0.000000
1769366045.376819,-48.361149,0.000000,0.000000
1769366045.386887,-48.361149,0.000000,0.000000
1769366045.396941,-48.361149,0.000000,0.000000
1769366045.407007,-48.361149,0.000000,0.000000
1769366045.417051,-48.361149,0.000000,0.000000
1769366045.427114,-48.361149,0.000000,0.000000
1769366045.437162,-48.361149,0.000000,0.000000
1769366045.447221,-48.361149,0.000000,0.000000
1769366045.457290,-48.361149,0.000000,0.000000
1769366045.467347,-48.361149,0.000000,0.000000
1769366045.477389,-48.361149,0.000000,0.000000
1769366045.487988,-48.361149,0.000000,0.000000
1769366045.498120,-48.361149,0.000000,0.000000
1769366045.508206,-48.361149,0.000000,0.000000
1769366045.518253,-48.361149,0.000000,0.000000
1769366045.528403,-48.361149,0.000000,0.000000
1769366045.538572,-48.361149,0.000000,0.000000
1769366045.548654,-48.361149,0.000000,0.000000
1769366045.558688,-48.361149,0.000000,0.000000
1769366045.568754,-48.361149,0.000000,0.000000
1769366045.578823,-48.361149,0.000000,0.000000
1769366045.588893,-48.361149,0.000000,0.000000
1769366045.599054,-48.361149,0.000000,0.000000
1769366045.609116,-48.361149,0.000000,0.000000
1769366045.619839,-48.361149,0.000000,0.000000
1769366045.629892,-48.361149,0.000000,0.000000
1769366045.639951,-48.361149,0.000000,0.000000
1769366045.649990,-48.361149,0.000000,0.000000
1769366045.660048,-48.361149,0.000000,0.000000
1769366045.670109,-48.361149,0.000000,0.000000
1769366045.680166,-48.361149,0.000000,0.000000
1769366045.690218,-48.361149,0.000000,0.000000
1769366045.700282,-48.361149,0.000000,0.000000
1769366045.710333,-48.361149,0.000000,0.000000
1769366045.720393,-48.361149,0.000000,0.000000
1769366045.730446,-48.361149,0.000000,0.000000
1769366045.740525,-48.361149,0.000000,0.000000
1769366045.750567,-48.361149,0.000000,0.000000
1769366045.760630,-48.361149,0.000000,0.000000
1769366045.770691,-48.361149,0.000000,0.000000
1769366045.780974,-48.361149,0.000000,0.000000
1769366045.790897,-48.361149,0.000000,0.000000
1769366045.800970,-48.361149,0.000000,0.000000
1769366045.811016,-48.361149,0.000000,0.000000
1769366045.821071,-48.361149,0.000000,0.000000
1769366045.831117,-48.361149,0.000000,0.000000
1769366045.841208,-48.361149,0.000000,0.000000
1769366045.851222,-48.361149,0.000000,0.000000
1769366045.861279,-48.361149,0.000000,0.000000
1769366045.871330,-48.361149,0.000000,0.000000
1769366045.881423,-48.361149,0.000000,0.000000
1769366045.891451,-48.361149,0.000000,0.000000
1769366045.901535,-48.361149,0.000000,0.000000
1769366045.911867,-48.361149,0.000000,0.000000
1769366045.921960,-48.361149,0.000000,0.000000
1769366045.932316,-48.361149,0.000000,0.000000
1769366045.942398,-48.361149,0.000000,0.000000
1769366045.952470,-48.361149,0.000000,0.000000
1769366045.962532,-48.361149,0.000000,0.000000
1769366045.972829,-48.361149,0.000000,0.000000
1769366045.982901,-48.361149,0.000000,0.000000
1769366045.993360,-48.361149,0.000000,0.000000
1769366046.003433,-48.361149,0.000000,0.000000
1769366046.013583,-48.361149,0.000000,0.000000
1769366046.023639,-48.361149,0.000000,0.000000
1769366046.033706,-48.361149,0.000000,0.000000
1769366046.043774,-48.361149,0.000000,0.000000
1769366046.053820,-48.361149,0.000000,0.000000
1769366046.063885,-48.361149,0.000000,0.000000
1769366046.074530,-48.361149,0.000000,0.000000
1769366046.084579,-48.361149,0.000000,0.000000
1769366046.094624,-48.361149,0.000000,0.000000
1769366046.104827,-48.361149,0.000000,0.000000
1769366046.114889,-48.361149,0.000000,0.000000
1769366046.124932,-48.361149,0.000000,0.000000
1769366046.134996,-48.361149,0.000000,0.000000
1769366046.145072,-48.361149,0.000000,0.000000
1769366046.155123,-48.361149,0.000000,0.000000
1769366046.165191,-48.361149,0.000000,0.000000
1769366046.175218,-48.361149,0.000000,0.000000
1769366046.185292,-48.361149,0.000000,0.000000
1769366046.195347,-48.361149,0.000000,0.000000
1769366046.205402,-48.361149,0.000000,0.000000
1769366046.215458,-48.361149,0.000000,0.000000
1769366046.225513,-48.361149,0.000000,0.000000
1769366046.235585,-48.361149,0.000000,0.000000
1769366046.245628,-48.361149,0.000000,0.000000
1769366046.255712,-48.361149,0.000000,0.000000
1769366046.265749,-48.361149,0.000000,0.000000
1769366046.275802,-48.361149,0.000000,0.000000
1769366046.285875,-48.361149,0.000000,0.000000
1769366046.295919,-48.361149,0.000000,0.000000
1769366046.305927,-48.361149,0.000000,0.000000
1769366046.315969,-48.361149,0.000000,0.000000
1769366046.326273,-48.361149,0.000000,0.000000
1769366046.336310,-48.361149,0.000000,0.000000
1769366046.346380,-48.361149,0.000000,0.000000
1769366046.356591,-48.361149,0.000000,0.000000
1769366046.366665,-48.361149,0.000000,0.000000
1769366046.376730,-48.361149,0.000000,0.000000
1769366046.386773,-48.361149,0.000000,0.000000
1769366046.396928,-48.361149,0.000000,0.000000
1769366046.406947,-48.361149,0.000000,0.000000
1769366046.417874,-48.361149,0.000000,0.000000
1769366046.427931,-48.361149,0.000000,0.000000
1769366046.438002,-48.361149,0.000000,0.000000
1769366046.448072,-48.361149,0.000000,0.000000
1769366046.458137,-48.361149,0.000000,0.000000
